sentiment,text,user
"positive","RT @machinelearnflx: Should high schools teach data science instead of calculus? https://t.co/5Nr1h2hb6x  #DataScience","bungobot1"
"neutral","RT @amitjainmkr: Mitti Ke Rang Academy brings to you a Masterclass on - Data Science \n\nConducted by: Ved Vasu Sharma and Pranav Bhargavaâ€¦","epuujee"
"positive","Curious to know what data leaders think are the key skills required to be a successful Data Scientist? If so, thisâ€¦ https://t.co/mPB0Tb51fO","robertdejong74"
"neutral","Mitti Ke Rang Academy brings to you a Masterclass on - Data Science \n\nConducted by: Ved Vasu Sharma and Pranav Bharâ€¦ https://t.co/Oj63UwNRkt","amitjainmkr"
"positive","RT @attygideon: I still recall how sunny it was when we were bombarded w/ information that the incoming typhoon will be very strong. And itâ€¦","daniellealariao"
"positive","RT @attygideon: I still recall how sunny it was when we were bombarded w/ information that the incoming typhoon will be very strong. And itâ€¦","mralfaroe"
"positive","RT @machinelearnflx: Should high schools teach data science instead of calculus? https://t.co/5Nr1h2hb6x  #DataScience","datasciencebot_"
"positive","RT @EricTopol: Masks work. A fantastic, yes fantastic voyage infographic shows you how â˜….  If the data and evidence weren't enough, seeingâ€¦","gkosfra"
"neutral","@WeJapaHQ Abeg make na post Machine Learning/Data Science gig na ğŸ˜‘ğŸ˜‘ğŸ˜‘","ImonEmmanuel"
"neutral","RT @mitikerang: Mitti Ke Rang Academy brings to you a Masterclass on - Data Science \n\nConducted by: Ved Vasu Sharma and Pranav Bhargava \n\n1â€¦","epuujee"
"neutral","Mitti Ke Rang Academy brings to you a Masterclass on - Data Science \n\nConducted by: Ved Vasu Sharma and Pranav Bharâ€¦ https://t.co/LfJqilIjMV","mitikerang"
"positive","RT @UM_DKE: Thanks to everyone who joined the Bachelor's Open Day @MaastrichtU! #UMBOD20\n\nCurious about our Open Day content? You can now fâ€¦","epuujee"
"positive","RT @CryptoCuntUK: Amazing how people like @afneil are experts in global trade for Brexit one minute, and then immediately experts in epidemâ€¦","epuujee"
"positive","Thanks to everyone who joined the Bachelor's Open Day @MaastrichtU! #UMBOD20\n\nCurious about our Open Day content? Yâ€¦ https://t.co/afWAstmy2l","UM_DKE"
"positive","Amazing how people like @afneil are experts in global trade for Brexit one minute, and then immediately experts inâ€¦ https://t.co/wVQDk168jZ","CryptoCuntUK"
"positive","RT @machinelearnflx: Should high schools teach data science instead of calculus? https://t.co/5Nr1h2hb6x  #DataScience","zephyrzap"
"neutral","@jedshug @FiveThirtyEight do not listen to 538.  they are data science junk.  just look at 2016 if you doubt it","AggieViejo"
"neutral","RT @apolmig: ğŸ‘©ğŸ¾â€ğŸš€ Un placer participar en este panel sobre \"Desarrollando Ciudades, VÃ­a Data Science\".\n\nğŸ‘¨â€ğŸ‘©â€ğŸ‘§â€ğŸ‘¦ La orientaciÃ³n a las personâ€¦","AISaturdays_ES"
"positive","RT @Bukmedianet1: Top 60 FAQs in Data Science Interview: Be a Data Scientist! - Udemy Courses =&gt; https://t.co/vh5vvFqJxx\n\n #DataScience #Daâ€¦","plutocero"
"positive","RT @Bukmedianet1: Top 60 FAQs in Data Science Interview: Be a Data Scientist! - Udemy Courses =&gt; https://t.co/vh5vvFqJxx\n\n #DataScience #Daâ€¦","datasciencebot_"
"positive","RT @TheLastSocrates: A wonderful video about how computer programming is used in science research and especially simulations. \n\nWhy this viâ€¦","epuujee"
"positive","A wonderful video about how computer programming is used in science research and especially simulations. \n\nWhy thisâ€¦ https://t.co/lkVcNVNZ7q","TheLastSocrates"
"positive","RT @EricTopol: Masks work. A fantastic, yes fantastic voyage infographic shows you how â˜….  If the data and evidence weren't enough, seeingâ€¦","Markmichdomnic"
"positive","RT @attygideon: I still recall how sunny it was when we were bombarded w/ information that the incoming typhoon will be very strong. And itâ€¦","brbbusydyingrn"
"neutral","RT @kdnuggets: How to Get Into #DataScience Without a Degree  https://t.co/eCLMsiiPkw https://t.co/h1D8GO47pE","dariosailor86"
"positive","@TheToniG It depends on what you want to do. Java is used a lot for enterprise applications. Python is used more foâ€¦ https://t.co/7v8CVtPv1t","vlad_mihalcea"
"positive","RT @Bukmedianet1: Top 60 FAQs in Data Science Interview: Be a Data Scientist! - Udemy Courses =&gt; https://t.co/vh5vvFqJxx\n\n #DataScience #Daâ€¦","_codenewbiebot"
"neutral","@NadineDorries Yes, a crystal ball. Or that heady combination of science, data and actual experience of the virus.","ChevClare"
"positive","RT @Bukmedianet1: Top 60 FAQs in Data Science Interview: Be a Data Scientist! - Udemy Courses =&gt; https://t.co/vh5vvFqJxx\n\n #DataScience #Daâ€¦","py_data_sci"
"positive","RT @ruben_arce_s: TOP 10 #DATASCIENCE COMMUNITIES EVERY #DATASCIENTIST MUST KNOW\n@ruben_arce_s\n#BigData #Analytics #AI #MachineLearning #Ioâ€¦","GentooBot"
"negative","RT @MillieSCHood: Our current value system in science (h-index &amp; variants) disincentivizes 2 fundamental practices: generating long-term daâ€¦","subu_caps"
"positive","RT @ClickOnKaduna: Smart Applicants meet Amazing Panelists!\nStage 4 Click-On Kaduna Data Science Fellowship Applicants share their experienâ€¦","teemerhtafoki"
"positive","RT @ruben_arce_s: TOP 10 #DATASCIENCE COMMUNITIES EVERY #DATASCIENTIST MUST KNOW\n@ruben_arce_s\n#BigData #Analytics #AI #MachineLearning #Ioâ€¦","py_data_sci"
"neutral","@rachelmlenzi @TheBuffaloNews Kids in every state are playing. @NYGovCuomo is costing these kids opportunities at câ€¦ https://t.co/49bd1TVFqG","BennyFrankLynn1"
"positive","@Cambridge_Uni And drones don't just help us forecast eruptions! Their new paper in Science Advances, led byâ€¦ https://t.co/5aNRX2EgeS","EarthSciCam"
"positive","RT @attygideon: I still recall how sunny it was when we were bombarded w/ information that the incoming typhoon will be very strong. And itâ€¦","rmrpascua"
"neutral","RT @youth_unheard: @d_spiegel @LettingFocus @SeanBFlanagan @MichaelYeadon3 @BreesAnna @toadmeister @allisonpearson @ClarkeMicah @Charlotte3â€¦","epuujee"
"positive","RT @Chrisballingall: Dorries always prefers â€˜magical thinkingâ€™ over data-driven science. \n\nThe â€˜Baldrick of Brexitâ€™ has become the â€˜cretinâ€¦","SkEdwards1056"
"neutral","RT @stpiindia: Industries like IT/ITeS, BFSI, Pharmaceuticals &amp; Healthcare, E-Commerce, and Media &amp; Entertainment are leveraging #AI &amp; #Datâ€¦","kaushik_stpi"
"positive","RT @Bukmedianet1: Top 60 FAQs in Data Science Interview: Be a Data Scientist! - Udemy Courses =&gt; https://t.co/vh5vvFqJxx\n\n #DataScience #Daâ€¦","SigularityHub"
"positive","RT @Aruda14635220: @lukedormehl The Formula , what an amazing read. As a student of Data Science , this is a fascinating way to explore theâ€¦","epuujee"
"neutral","RT @youth_unheard: @d_spiegel @LettingFocus @SeanBFlanagan @MichaelYeadon3 @BreesAnna @toadmeister @allisonpearson @ClarkeMicah @Charlotte3â€¦","AndreaDS0909"
"negative","@McitGovSa @aalswaha #Ø´Ø±Ø­_Ø§Ù„Ù…ÙˆØ§Ø¯_Ø§Ù„Ø¯Ø±Ø§Ø³ÙŠØ©_Ø§ÙˆÙ†Ù„Ø§ÙŠÙ†\n#Ø¹Ù…Ù„_Ù…ÙˆØ§Ù‚Ø¹_ØªØªØ·Ù„Ø¨_Ù„ØºØ§Øª\n#javascript\n#Ø­Ù„_ÙˆØ§Ø¬Ø¨Ø§Øª_Ø§Ù„Ø¨Ø±Ù…Ø¬Ø©\n#Data_baseâ€¦ https://t.co/6f9Xqyy64w","hagersaleh2020"
"positive","@lukedormehl The Formula , what an amazing read. As a student of Data Science , this is a fascinating way to explorâ€¦ https://t.co/BSmn4nA4rS","Aruda14635220"
"positive","@SciJeanne I think it is possible to be respectful of other cultural ways of knowing while still applying the lensâ€¦ https://t.co/Mcnn4mLgSS","Xeno_lith"
"positive","RT @machinelearnflx: Should high schools teach data science instead of calculus? https://t.co/5Nr1h2hb6x  #DataScience","ArtyMzoe"
"neutral","@deAdder @washingtonpost @TomTolesToons AI (also known as software + data science) will be disruptive, but not in tâ€¦ https://t.co/bxQ6T8OLnT","dlesage"
"neutral","â€œJohn Curiel and Jack R. Williams, two researchers at MITâ€™s Election Data and Science Lab, studied the OASâ€™s accounâ€¦ https://t.co/Xft69YMmMM","TamanishaJohn"
"positive","RT @Stratfordenergy: Climate change: You've got cheap data, how about cheap power too? - BBC News https://t.co/FXIazyY0jy","epuujee"
"positive","RT @rodrigo_blogs: To Succeed With Data Science, First Build the â€˜Bridgeâ€™ https://t.co/FeUjJ2q6gP #datascience","epuujee"
"positive","RT @ruben_arce_s: TOP 10 #DATASCIENCE COMMUNITIES EVERY #DATASCIENTIST MUST KNOW\n@ruben_arce_s\n#BigData #Analytics #AI #MachineLearning #Ioâ€¦","Escritordefutu1"
"positive","RT @Stratfordenergy: Climate change: You've got cheap data, how about cheap power too? - BBC News https://t.co/FXIazyY0jy","ElectrifyingUK"
"neutral","@michaelmina_lab @nytimes @washingtonpost @US_FDA @SteveFDA claim to \"use science &amp; data to drive decision-making tâ€¦ https://t.co/na4OG0X7ov","Mod3rnAge"
"positive","RT @ruben_arce_s: TOP 10 #DATASCIENCE COMMUNITIES EVERY #DATASCIENTIST MUST KNOW\n@ruben_arce_s\n#BigData #Analytics #AI #MachineLearning #Ioâ€¦","dig_revolution"
"positive","To Succeed With Data Science, First Build the â€˜Bridgeâ€™ https://t.co/FeUjJ2q6gP #datascience","rodrigo_blogs"
"positive","RT @prince_omotosho: Thank You @dataleum \nI begin my Journey of on Data Science today and it feels so good. I hope to build more knowledgeâ€¦","prince_omotosho"
"positive","RT @attygideon: I still recall how sunny it was when we were bombarded w/ information that the incoming typhoon will be very strong. And itâ€¦","MICROfungi"
"neutral","Me apoyarÃ­a como constituyente?","data_science_cl"
"positive","RT @avaldes725: This data should be used for front page story of every major US newspaper - May I suggest 2 headlines: Cults kill/Science pâ€¦","epuujee"
"neutral","@CITC_SA Ø·Ø±Ø­ Ø£ÙÙƒØ§Ø± Ù…Ù‚ØªØ±Ø­Ø§Øª Ø¨Ø­Ø«ÙŠØ© ÙÙŠ Ù…Ø¬Ø§Ù„ Ø§Ù„Ø­Ø§Ø³Ø¨ Ø§Ù„Ø¢Ù„ÙŠ Ù…Ø¹ ÙƒØªØ§Ø¨Ø© Ø§Ù„Ù…Ù‚ØªØ±Ø­ Ø§Ù„Ø¨Ø­Ø«ÙŠ \nÙ…Ø«Ù„ Ø§Ù„Ù…Ø¬Ø§Ù„Ø§Øª Ø§Ù„ØªØ§Ù„ÙŠÙ‡\nâ€¢Data Science\nâ€¢â€¦ https://t.co/Tcgjl7zDCB","hagersaleh2020"
"neutral","RT @epicpewpew: Calling for Data Sets! ğŸ—£ï¸ğŸ¤¨ğŸ—£ï¸\n\nData Science Zimbabwe is looking for datasets and contributors for the Zimbabwe Indigenous Naâ€¦","LeoLENNY1"
"positive","This data should be used for front page story of every major US newspaper - May I suggest 2 headlines: Cults kill/Sâ€¦ https://t.co/OfzsjTydtO","avaldes725"
"neutral","RT @DataZifu: Save hundreds on these Python, AI and data science courses #DataZifu #ArtificialIntelligence https://t.co/eBzOc3GDb3","py_data_sci"
"positive","RT @machinelearnflx: Should high schools teach data science instead of calculus? https://t.co/5Nr1h2hb6x  #DataScience","BlaqNinja"
"positive","RT @paulblaser: â€œThe accurate representation of data is essential in science communication. However, colour maps that visually distort dataâ€¦","DataVizSoftware"
"positive","RT @vmcconville: Reading fascinating article - Climate change: You've got cheap data, how about cheap power too? - BBC News https://t.co/ixâ€¦","epuujee"
"positive","RT @vmcconville: Reading fascinating article - Climate change: You've got cheap data, how about cheap power too? - BBC News https://t.co/ixâ€¦","bexxmodd"
"positive","Reading fascinating article - Climate change: You've got cheap data, how about cheap power too? - BBC News https://t.co/ixXHzlZYIi","vmcconville"
"neutral","@Francis_Hoar This data being ignored deliberately by all political parties and the BBC . Overlay this with the hugâ€¦ https://t.co/Gw5a86GVRo","MikeButler1210"
"neutral","RT @ipfconline1: #DataScience Demystified: The Data Modeling Proposition\n\nhttps://t.co/smXbw9LEam v/ @insideBigData\n#AI #MachineLearning #Câ€¦","datasciencebot_"
"neutral","RT @ipfconline1: #DataScience Demystified: The Data Modeling Proposition\n\nhttps://t.co/smXbw9LEam v/ @insideBigData\n#AI #MachineLearning #Câ€¦","SSXman2"
"positive","RT @ScienceMagazine: A new #SciMagPerspective reviews data on the growing and diverse impact of #SARSCoV2 on the hearts of patients and higâ€¦","FactsDoMatter4"
"positive","RT @DataScienceDojo: ğŸ”¹Here are some of the shots for real &amp; Symmetric metrics. These are the most widely used in the field of data science.â€¦","epuujee"
"positive","RT @Bukmedianet1: Top 60 FAQs in Data Science Interview: Be a Data Scientist! - Udemy Courses =&gt; https://t.co/vh5vvFqJxx\n\n #DataScience #Daâ€¦","Women_who_code"
"positive","RT @Bukmedianet1: Top 60 FAQs in Data Science Interview: Be a Data Scientist! - Udemy Courses =&gt; https://t.co/vh5vvFqJxx\n\n #DataScience #Daâ€¦","nlognbot"
"positive","RT @DataScienceDojo: ğŸ”¹Here are some of the shots for real &amp; Symmetric metrics. These are the most widely used in the field of data science.â€¦","bexxmodd"
"positive","ğŸ”¹Here are some of the shots for real &amp; Symmetric metrics. These are the most widely used in the field of data scienâ€¦ https://t.co/CPdO3QkZen","DataScienceDojo"
"positive","RT @Bukmedianet1: Top 60 FAQs in Data Science Interview: Be a Data Scientist! - Udemy Courses =&gt; https://t.co/vh5vvFqJxx\n\n #DataScience #Daâ€¦","CodeGnuts"
"positive","RT @Bukmedianet1: Top 60 FAQs in Data Science Interview: Be a Data Scientist! - Udemy Courses =&gt; https://t.co/vh5vvFqJxx\n\n #DataScience #Daâ€¦","Escritordefutu1"
"positive","RT @ambikamath: Reporting from @KatherineJWu featuring *many* of us scientists responding to data on diversity in scientific publishing insâ€¦","bexxmodd"
"positive","RT @machinelearnflx: Should high schools teach data science instead of calculus? https://t.co/5Nr1h2hb6x  #DataScience","bahepa"
"neutral","Tartunnat kunnittain 31.10.2020. Uutena tÃ¤llÃ¤ listalla #Jomala #Paimio ja #Tervola Linkki web-versioon:â€¦ https://t.co/mk4NqMH321","MarkoTJEkqvist"
"positive","RT @ambikamath: Reporting from @KatherineJWu featuring *many* of us scientists responding to data on diversity in scientific publishing insâ€¦","phylofeast"
"positive","RT @machinelearnflx: Should high schools teach data science instead of calculus? https://t.co/5Nr1h2hb6x  #DataScience","Gavilan65"
"neutral","RT @MassimoSt: It's with enthusiasm that I announce I'm joining the @UniofExeter with a permanent lectureship in Computer Science (Assistanâ€¦","HirokiSayama"
"neutral","RT @NotionKR: ê³ ë ¤ëŒ€í•™êµ Data Science &amp; Business Analytics Labì—ì„œ ë°ì´í„° ì‚¬ì´ì–¸í‹°ìŠ¤íŠ¸ë¡œì˜ ì‹œì‘ì„ ìœ„í•œ ê¼­ ì½ì–´ì•¼í•˜ëŠ” ë…¼ë¬¸, ì•„í‹°í´ ìë£Œë¥¼ Notionìœ¼ë¡œ ê³µìœ í–ˆìŠµë‹ˆë‹¤. ğŸ“š\n\në°”ë¡œê°€ê¸°: https://t.co/â€¦","linnen23"
"positive","RT @machinelearnflx: Should high schools teach data science instead of calculus? https://t.co/5Nr1h2hb6x  #DataScience","epuujee"
"positive","RT @machinelearnflx: Should high schools teach data science instead of calculus? https://t.co/5Nr1h2hb6x  #DataScience","bexxmodd"
"positive","@SugaryLemonz oh no, for sure same. i remember a lot of my suff for math science and sometimes history being a a loâ€¦ https://t.co/QrrPVk4Fli","hurleydrumz"
"neutral","RT @MassimoSt: It's with enthusiasm that I announce I'm joining the @UniofExeter with a permanent lectureship in Computer Science (Assistanâ€¦","epuujee"
"positive","Should high schools teach data science instead of calculus? https://t.co/5Nr1h2hb6x  #DataScience","machinelearnflx"
"neutral","RT @MassimoSt: It's with enthusiasm that I announce I'm joining the @UniofExeter with a permanent lectureship in Computer Science (Assistanâ€¦","bexxmodd"
"neutral","RT @WHO: What have we learnt and whatâ€™s the way forward? Reflecting on the lessons learnt from fighting #COVID19, our Chief Scientist, @docâ€¦","epuujee"
"neutral","It's with enthusiasm that I announce I'm joining the @UniofExeter with a permanent lectureship in Computer Scienceâ€¦ https://t.co/oo77ZBXskv","MassimoSt"
"negative","RT @carmmann: @ProjectLincoln Trump was the absolute worst president to face this challenge. We needed a leader who understood how to wieldâ€¦","epuujee"
"neutral","RT @WHO: What have we learnt and whatâ€™s the way forward? Reflecting on the lessons learnt from fighting #COVID19, our Chief Scientist, @docâ€¦","bexxmodd"
"negative","RT @carmmann: @ProjectLincoln Trump was the absolute worst president to face this challenge. We needed a leader who understood how to wieldâ€¦","bexxmodd"
"positive","RT @Bukmedianet1: Top 60 FAQs in Data Science Interview: Be a Data Scientist! - Udemy Courses =&gt; https://t.co/vh5vvFqJxx\n\n #DataScience #Daâ€¦","AaronCuddeback"
"negative","RT @carmmann: @ProjectLincoln Trump was the absolute worst president to face this challenge. We needed a leader who understood how to wieldâ€¦","FrankStracco"